{
  "max_depth": 8,
  "min_child_weight": 11,
  "gamma": 0.010382009011194713,
  "subsample": 0.8382791264655085,
  "colsample_bytree": 0.5786621636432179,
  "reg_alpha": 0.37150322739614705,
  "reg_lambda": 4.620056820840344,
  "learning_rate": 0.18115713206596223,
  "n_estimators": 581,
  "eval_metric": "mlogloss",
  "early_stopping_rounds": 20,
  "tree_method": "hist",
  "n_jobs": -1,
  "random_state": 42
}